skenario,0_f1,1_f1
FS0,0.9908256880733946,0.9090909090909091
FS1,0.9710144927536232,0.6666666666666666
FS2,0.9981515711645101,0.9830508474576272
FS3,0.9981515711645101,0.9830508474576272
